,director_name,actor_1_name,actor_2_name,actor_3_name,genre,movie_title,comb
0,Adam Robitel,Lin Shaye,Angus Sampson,Leigh Whannell,Horror Mystery Thriller,insidious: the last key,Lin Shaye Angus Sampson Leigh Whannell Adam Robitel Horror Mystery Thriller
1,Lauren Wolkstein,Alex Pettyfer,James Freedson-Jackson,Emily Althaus,Thriller Drama,the strange ones,Alex Pettyfer James Freedson-Jackson Emily Althaus Lauren Wolkstein Thriller Drama
2,Simon West,Dominic Cooper,Austin Stowell,Gemma Chan,Action Thriller,stratton,Dominic Cooper Austin Stowell Gemma Chan Simon West Action Thriller
3,Warwick Thornton,Bryan Brown,Sam Neill,unknown,Drama History Western,sweet country,Bryan Brown Sam Neill unknown Warwick Thornton Drama History Western
4,Jaume Collet-Serra,Liam Neeson,Vera Farmiga,Patrick Wilson,Action Thriller Mystery,the commuter,Liam Neeson Vera Farmiga Patrick Wilson Jaume Collet-Serra Action Thriller Mystery
5,Babak Najafi,Taraji P. Henson,Billy Brown,Danny Glover,Thriller Action Crime,proud mary,Taraji P. Henson Billy Brown Danny Glover Babak Najafi Thriller Action Crime
6,Brett Donowho,Bruce Willis,Cole Hauser,Shawn Ashmore,Action,acts of violence,Bruce Willis Cole Hauser Shawn Ashmore Brett Donowho Action
7,Trudie Styler,Alex Lawther,Abigail Breslin,Bette Midler,Comedy Drama,freak show,Alex Lawther Abigail Breslin Bette Midler Trudie Styler Comedy Drama
8,Sam Hoffman,Jemaine Clement,Elliott Gould,Ingrid Michaelson,Comedy,humor me,Jemaine Clement Elliott Gould Ingrid Michaelson Sam Hoffman Comedy
9,Daniela Thomas,Adriano Carvalho,Luana Nastas,unknown,Drama,vazante,Adriano Carvalho Luana Nastas unknown Daniela Thomas Drama
10,Hiromasa Yonebayashi,Ruby Barnhill,Louis Ashbourne Serkis,Kate Winslet,Fantasy Adventure Animation,mary and the witch's flower,Ruby Barnhill Louis Ashbourne Serkis Kate Winslet Hiromasa Yonebayashi Fantasy Adventure Animation
11,Nicolai Fuglsig,Chris Hemsworth,Michael Shannon,Michael Peña,War Drama Action History,12 strong,Chris Hemsworth Michael Shannon Michael Peña Nicolai Fuglsig War Drama Action History
12,Christian Gudegast,Gerard Butler,50 Cent,Pablo Schreiber,Action Thriller Crime,den of thieves,Gerard Butler 50 Cent Pablo Schreiber Christian Gudegast Action Thriller Crime
13,Bethany Ashton Wolf,Alex Roe,Jessica Rothe,John Benjamin Hickey,Romance Drama Music,forever my girl,Alex Roe Jessica Rothe John Benjamin Hickey Bethany Ashton Wolf Romance Drama Music
14,Wes Ball,Dylan O'Brien,Kaya Scodelario,Thomas Brodie-Sangster,Science Fiction Action Adventure Thriller,maze runner: the death cure,Dylan O'Brien Kaya Scodelario Thomas Brodie-Sangster Wes Ball Science Fiction Action Adventure Thriller
15,Ziad Doueiri,Adel Karam,Camille Salameh,Kamel El Basha,Comedy Crime,the insult,Adel Karam Camille Salameh Kamel El Basha Ziad Doueiri Comedy Crime
16,Ben Lewin,Dakota Fanning,Toni Collette,Alice Eve,Comedy Drama,please stand by,Dakota Fanning Toni Collette Alice Eve Ben Lewin Comedy Drama
17,The Spierig Brothers,Helen Mirren,Jason Clarke,Sarah Snook,Horror Thriller,winchester,Helen Mirren Jason Clarke Sarah Snook The Spierig Brothers Horror Thriller
18,Sebastián Lelio,Daniela Vega,Francisco Reyes,unknown,Drama,a fantastic woman,Daniela Vega Francisco Reyes unknown Sebastián Lelio Drama
19,Mario Van Peebles,Mario Van Peebles,William Fichtner,Ryan Guzman,Action Horror Thriller,armed,Mario Van Peebles William Fichtner Ryan Guzman Mario Van Peebles Action Horror Thriller
20,Julius Onah,Daniel Brühl,Elizabeth Debicki,Aksel Hennie,Horror Science Fiction Action Thriller,the cloverfield paradox,Daniel Brühl Elizabeth Debicki Aksel Hennie Julius Onah Horror Science Fiction Action Thriller
21,Bryan Coyne,Brea Grant,Graham Skipper,Aly Fitzgerald,Horror,bad apples,Brea Grant Graham Skipper Aly Fitzgerald Bryan Coyne Horror
22,Will Gluck,James Corden,Domhnall Gleeson,Rose Byrne,Family Comedy Adventure Animation Fantasy,peter rabbit,James Corden Domhnall Gleeson Rose Byrne Will Gluck Family Comedy Adventure Animation Fantasy
23,James Foley,Dakota Johnson,Jamie Dornan,Kim Basinger,Drama Romance,fifty shades freed,Dakota Johnson Jamie Dornan Kim Basinger James Foley Drama Romance
24,Clint Eastwood,Anthony Sadler,Alek Skarlatos,Spencer Stone,Thriller History Drama,the 15:17 to paris,Anthony Sadler Alek Skarlatos Spencer Stone Clint Eastwood Thriller History Drama
25,Marco Polo Constandse,Marco Polo Constandse (director); Omar Chaparro,Marimar Vega,Ryan Carnes,Comedy,la boda de valentina,Marco Polo Constandse (director); Omar Chaparro Marimar Vega Ryan Carnes Marco Polo Constandse Comedy
26,Surendra Poudel,Anmol K.C.,Aditi Budhathoki,Anoop Bikram Shahi,,kri,
27,Brian Crano,Rebecca Hall,Dan Stevens,Morgan Spector,Comedy Romance Drama,permission,Rebecca Hall Dan Stevens Morgan Spector Brian Crano Comedy Romance Drama
28,Holger Tappe,Emily Watson,Jason Isaacs,Nick Frost,Animation Family,monster family,Emily Watson Jason Isaacs Nick Frost Holger Tappe Animation Family
29,Alex Ross Perry,Emily Browning,Adam Horowitz,Mary-Louise Parker,Drama,golden exits,Emily Browning Adam Horowitz Mary-Louise Parker Alex Ross Perry Drama
30,"Ryan Coogler (director/​screenplay); Joe Robert Cole (screenplay); Chadwick Boseman, Michael B. Jordan, Lupita Nyong'o, Danai Gurira, Martin Freeman, Daniel Kaluuya, Letitia Wright, Winston Duke, Angela Bassett, Forest Whitaker, Andy Serkis, John Kani, Florence Kasumba, Atandwa Kani, Sterling K. Brown, Isaach de Bankolé, Trevor Noah, Stan Lee, Sebastian Stan",Chadwick Boseman,Michael B. Jordan,Lupita Nyong'o,Action Adventure Science Fiction,black panther,"Chadwick Boseman Michael B. Jordan Lupita Nyong'o Ryan Coogler (director/​screenplay); Joe Robert Cole (screenplay); Chadwick Boseman, Michael B. Jordan, Lupita Nyong'o, Danai Gurira, Martin Freeman, Daniel Kaluuya, Letitia Wright, Winston Duke, Angela Bassett, Forest Whitaker, Andy Serkis, John Kani, Florence Kasumba, Atandwa Kani, Sterling K. Brown, Isaach de Bankolé, Trevor Noah, Stan Lee, Sebastian Stan Action Adventure Science Fiction"
31,Nick Park,Eddie Redmayne,Tom Hiddleston,Maisie Williams,Family Comedy Animation Adventure,early man,Eddie Redmayne Tom Hiddleston Maisie Williams Nick Park Family Comedy Animation Adventure
32,Andrey Zvyagintsev,Maryana Spivak,Alexei Rozin,Matvey Novikov,Drama,loveless,Maryana Spivak Alexei Rozin Matvey Novikov Andrey Zvyagintsev Drama
33,Sally Potter,Timothy Spall,Kristin Scott Thomas,Patricia Clarkson,Fantasy Comedy Drama,the party,Timothy Spall Kristin Scott Thomas Patricia Clarkson Sally Potter Fantasy Comedy Drama
34,Mark Pellington,Jon Hamm,Nick Offerman,Amber Tamblyn,Drama,nostalgia,Jon Hamm Nick Offerman Amber Tamblyn Mark Pellington Drama
35,Lance Daly,Hugo Weaving,Jim Broadbent,Stephen Rea,Drama Western,black '47,Hugo Weaving Jim Broadbent Stephen Rea Lance Daly Drama Western
36,Bruce Macdonald,Taylor James,Jackson Rathbone,Billy Zane,Action Drama Adventure,samson,Taylor James Jackson Rathbone Billy Zane Bruce Macdonald Action Drama Adventure
37,"Jonathan Goldstein, John Francis Daley",Jason Bateman,Rachel McAdams,Kyle Chandler,Mystery Comedy Crime,game night,"Jason Bateman Rachel McAdams Kyle Chandler Jonathan Goldstein, John Francis Daley Mystery Comedy Crime"
38,Alex Garland,Natalie Portman,Jennifer Jason Leigh,Gina Rodriguez,Science Fiction Action,annihilation,Natalie Portman Jennifer Jason Leigh Gina Rodriguez Alex Garland Science Fiction Action
39,Michael Sucsy,Angourie Rice,Maria Bello,Debby Ryan,Fantasy Romance,every day,Angourie Rice Maria Bello Debby Ryan Michael Sucsy Fantasy Romance
40,David Freyne,David Freyne (director); Ellen Page,Sam Keeley,Tom Vaughan-Lawlor,Horror Drama Science Fiction,the cured,David Freyne (director); Ellen Page Sam Keeley Tom Vaughan-Lawlor David Freyne Horror Drama Science Fiction
41,Brian O'Malley,Charlotte Vega,Bill Milner,Eugene Simon,Drama Horror Romance Thriller,the lodgers,Charlotte Vega Bill Milner Eugene Simon Brian O'Malley Drama Horror Romance Thriller
42,Francis Lawrence,Jennifer Lawrence,Joel Edgerton,Matthias Schoenaerts,Mystery Thriller,red sparrow,Jennifer Lawrence Joel Edgerton Matthias Schoenaerts Francis Lawrence Mystery Thriller
43,Eli Roth,Bruce Willis,Vincent D'Onofrio,Dean Norris,Action Crime Drama Thriller,death wish,Bruce Willis Vincent D'Onofrio Dean Norris Eli Roth Action Crime Drama Thriller
44,Shawn Christensen,Logan Lerman,Elle Fanning,Michelle Monaghan,Mystery Drama,the vanishing of sidney hall,Logan Lerman Elle Fanning Michelle Monaghan Shawn Christensen Mystery Drama
45,Samuel Maoz,Lior Ashkenazi,Sarah Adler,Yonatan Shiray,Comedy Drama War,foxtrot,Lior Ashkenazi Sarah Adler Yonatan Shiray Samuel Maoz Comedy Drama War
46,Usher Morgan,Elyse Price,Joel Bernard,Katie Vincent,Thriller Action Crime Drama Mystery,pickings,Elyse Price Joel Bernard Katie Vincent Usher Morgan Thriller Action Crime Drama Mystery
47,Ava DuVernay,Storm Reid,Oprah Winfrey,Reese Witherspoon,Adventure Science Fiction Family Fantasy,a wrinkle in time,Storm Reid Oprah Winfrey Reese Witherspoon Ava DuVernay Adventure Science Fiction Family Fantasy
48,Nash Edgerton,David Oyelowo,Charlize Theron,Joel Edgerton,Action Thriller Crime Drama,gringo,David Oyelowo Charlize Theron Joel Edgerton Nash Edgerton Action Thriller Crime Drama
49,Cory Finley,Olivia Cooke,Anya Taylor-Joy,Anton Yelchin,Drama Thriller,thoroughbreds,Olivia Cooke Anya Taylor-Joy Anton Yelchin Cory Finley Drama Thriller
50,Armando Iannucci,Steve Buscemi,Simon Russell Beale,Paddy Considine,Comedy Drama History,the death of stalin,Steve Buscemi Simon Russell Beale Paddy Considine Armando Iannucci Comedy Drama History
51,Paolo Virzì,Donald Sutherland,Helen Mirren,unknown,Drama Romance Adventure,the leisure seeker,Donald Sutherland Helen Mirren unknown Paolo Virzì Drama Romance Adventure
52,Johannes Roberts,Christina Hendricks,Martin Henderson,Bailee Madison,Horror Thriller,the strangers: prey at night,Christina Hendricks Martin Henderson Bailee Madison Johannes Roberts Horror Thriller
53,Rob Cohen,Toby Kebbell,Maggie Grace,Ryan Kwanten,Action Crime Thriller,the hurricane heist,Toby Kebbell Maggie Grace Ryan Kwanten Rob Cohen Action Crime Thriller
54,Roar Uthaug,Alicia Vikander,Dominic West,Walton Goggins,Action Adventure Fantasy,tomb raider,Alicia Vikander Dominic West Walton Goggins Roar Uthaug Action Adventure Fantasy
55,Greg Berlanti,Nick Robinson,Katherine Langford,Alexandra Shipp,Comedy Drama Romance,"love, simon",Nick Robinson Katherine Langford Alexandra Shipp Greg Berlanti Comedy Drama Romance
56,Jon Erwin,Cloris Leachman,Dennis Quaid,Priscilla Shirer,Music Drama,i can only imagine,Cloris Leachman Dennis Quaid Priscilla Shirer Jon Erwin Music Drama
57,José Padilha,Rosamund Pike,Daniel Brühl,Vincent Cassel,Thriller Drama Crime,7 days in entebbe,Rosamund Pike Daniel Brühl Vincent Cassel José Padilha Thriller Drama Crime
58,Laurie Collyer,Melissa Leo,Tessa Thompson,La La Anthony,Comedy,furlough,Melissa Leo Tessa Thompson La La Anthony Laurie Collyer Comedy
59,Eric England,Sophie Turner,Dylan McDermott,Jack Kilmer,Thriller Drama,josie,Sophie Turner Dylan McDermott Jack Kilmer Eric England Thriller Drama
60,Max Winkler,Zoey Deutch,Kathryn Hahn,Tim Heidecker,Comedy Drama,flower,Zoey Deutch Kathryn Hahn Tim Heidecker Max Winkler Comedy Drama
61,Steven S. DeKnight,John Boyega,Scott Eastwood,Cailee Spaeny,Action Fantasy Science Fiction Adventure,pacific rim: uprising,John Boyega Scott Eastwood Cailee Spaeny Steven S. DeKnight Action Fantasy Science Fiction Adventure
62,Wes Anderson,Bryan Cranston,Edward Norton,Bill Murray,Adventure Comedy Animation,isle of dogs,Bryan Cranston Edward Norton Bill Murray Wes Anderson Adventure Comedy Animation
63,John Stevenson,James McAvoy,Emily Blunt,Johnny Depp,Animation Family Fantasy Comedy Adventure Mystery,sherlock gnomes,James McAvoy Emily Blunt Johnny Depp John Stevenson Animation Family Fantasy Comedy Adventure Mystery
64,Steven Soderbergh,Claire Foy,Joshua Leonard,Jay Pharoah,Horror Thriller,unsane,Claire Foy Joshua Leonard Jay Pharoah Steven Soderbergh Horror Thriller
65,Andrew Hyatt,James Faulkner,Jim Caviezel,Olivier Martinez,Drama History,"paul, apostle of christ",James Faulkner Jim Caviezel Olivier Martinez Andrew Hyatt Drama History
66,Stanley Tucci,Geoffrey Rush,Armie Hammer,Clémence Poésy,Drama History,final portrait,Geoffrey Rush Armie Hammer Clémence Poésy Stanley Tucci Drama History
67,Scott Speer,Bella Thorne,Patrick Schwarzenegger,Rob Riggle,Romance Drama,midnight sun,Bella Thorne Patrick Schwarzenegger Rob Riggle Scott Speer Romance Drama
68,Ryan Justice,Amanda Delaney,Justin Maina,Sean Michael Gloria,Thriller,followers,Amanda Delaney Justin Maina Sean Michael Gloria Ryan Justice Thriller
69,Steven Spielberg,Tye Sheridan,Olivia Cooke,Ben Mendelsohn,Science Fiction Adventure Action,ready player one,Tye Sheridan Olivia Cooke Ben Mendelsohn Steven Spielberg Science Fiction Adventure Action
70,Tyler Perry,Taraji P. Henson,Lyriq Bent,Tika Sumpter,Thriller,tyler perry's acrimony,Taraji P. Henson Lyriq Bent Tika Sumpter Tyler Perry Thriller
71,Michael Mason,David A. R. White,John Corbett,Shane Harper,Drama,god's not dead: a light in darkness,David A. R. White John Corbett Shane Harper Michael Mason Drama
72,Aaron Katz,Lola Kirke,Zoë Kravitz,Greta Lee,Science Fiction Action Thriller,gemini,Lola Kirke Zoë Kravitz Greta Lee Aaron Katz Science Fiction Action Thriller
73,Adam Rifkin,Burt Reynolds,Ariel Winter,Clark Duke,Drama,the last movie star,Burt Reynolds Ariel Winter Clark Duke Adam Rifkin Drama
74,John Krasinski,John Krasinski,Emily Blunt,Millicent Simmonds,Horror Drama Science Fiction,a quiet place,John Krasinski Emily Blunt Millicent Simmonds John Krasinski Horror Drama Science Fiction
75,Kay Cannon,Leslie Mann,Ike Barinholtz,John Cena,Comedy,blockers,Leslie Mann Ike Barinholtz John Cena Kay Cannon Comedy
76,Lynne Ramsay,Joaquin Phoenix,Ekaterina Samsonov,Alex Manette,Thriller Drama Crime,you were never really here,Joaquin Phoenix Ekaterina Samsonov Alex Manette Lynne Ramsay Thriller Drama Crime
77,John Curran,Jason Clarke,Kate Mara,Ed Helms,History Drama Thriller,chappaquiddick,Jason Clarke Kate Mara Ed Helms John Curran History Drama Thriller
78,"Drew Fellman, David Douglas",Kristen Bell,unknown,unknown,Documentary,pandas,"Kristen Bell unknown unknown Drew Fellman, David Douglas Documentary"
79,Andrew Haigh,Charlie Plummer,Chloë Sevigny,Travis Fimmel,Drama Adventure,lean on pete,Charlie Plummer Chloë Sevigny Travis Fimmel Andrew Haigh Drama Adventure
80,Sean McNamara,Helen Hunt,William Hurt,Erin Moriarty,Drama,the miracle season,Helen Hunt William Hurt Erin Moriarty Sean McNamara Drama
81,Brad Anderson,Jon Hamm,Rosamund Pike,Dean Norris,Action Thriller Drama,beirut,Jon Hamm Rosamund Pike Dean Norris Brad Anderson Action Thriller Drama
82,Brad Peyton,Dwayne Johnson,Naomie Harris,Malin Åkerman,Action Adventure Science Fiction,rampage,Dwayne Johnson Naomie Harris Malin Åkerman Brad Peyton Action Adventure Science Fiction
83,Jeff Wadlow,Lucy Hale,Tyler Posey,Violett Beane,Thriller Horror,truth or dare,Lucy Hale Tyler Posey Violett Beane Jeff Wadlow Thriller Horror
84,Chloé Zhao,Brady Jandreau,unknown,unknown,Western Drama,the rider,Brady Jandreau unknown unknown Chloé Zhao Western Drama
85,Richard Lanni,Logan Lerman,Helena Bonham Carter,Gérard Depardieu,Animation Adventure Family History War,sgt. stubby: an american hero,Logan Lerman Helena Bonham Carter Gérard Depardieu Richard Lanni Animation Adventure Family History War
86,"Abby Kohn, Marc Silverstein",Amy Schumer,Michelle Williams,Emily Ratajkowski,Comedy Romance,i feel pretty,"Amy Schumer Michelle Williams Emily Ratajkowski Abby Kohn, Marc Silverstein Comedy Romance"
87,Jay Chandrasekhar,Jay Chandrasekhar,Paul Soter,Steve Lemme,Comedy Crime Mystery,super troopers 2,Jay Chandrasekhar Paul Soter Steve Lemme Jay Chandrasekhar Comedy Crime Mystery
88,Deon Taylor,Paula Patton,Omar Epps,Missi Pyle,Horror Thriller,traffik,Paula Patton Omar Epps Missi Pyle Deon Taylor Horror Thriller
89,Peter Livolsi,Asa Butterfield,Nick Offerman,Ellen Burstyn,Drama Comedy,the house of tomorrow,Asa Butterfield Nick Offerman Ellen Burstyn Peter Livolsi Drama Comedy
90,Naoko Yamada,Atsumi Tanezaki,Nao Tōyama,unknown,Animation Drama Music,liz and the blue bird,Atsumi Tanezaki Nao Tōyama unknown Naoko Yamada Animation Drama Music
91,Anthony Russo and Joe Russo,Robert Downey Jr.,Chris Hemsworth,Mark Ruffalo,Adventure Action Science Fiction,avengers: infinity war,Robert Downey Jr. Chris Hemsworth Mark Ruffalo Anthony Russo and Joe Russo Adventure Action Science Fiction
92,Sebastián Lelio,Rachel Weisz,Rachel McAdams,Alessandro Nivola,Drama Romance,disobedience,Rachel Weisz Rachel McAdams Alessandro Nivola Sebastián Lelio Drama Romance
93,Per Fly,Ben Kingsley,Theo James,Jacqueline Bisset,Thriller Drama History,backstabbing for beginners,Ben Kingsley Theo James Jacqueline Bisset Per Fly Thriller Drama History
94,Deniz Gamze Ergüven,Halle Berry,Daniel Craig,unknown,Adventure Drama Action,kings,Halle Berry Daniel Craig unknown Deniz Gamze Ergüven Adventure Drama Action
95,"Rob Greenberg, Bob Fisher (directors/screenplay); Anna Faris, Eugenio Derbez, Eva Longoria, John Hannah, Josh Segarra, Mel Rodriguez",Anna Faris,Eugenio Derbez,Eva Longoria,Romance Comedy,overboard,"Anna Faris Eugenio Derbez Eva Longoria Rob Greenberg, Bob Fisher (directors/screenplay); Anna Faris, Eugenio Derbez, Eva Longoria, John Hannah, Josh Segarra, Mel Rodriguez Romance Comedy"
96,Jason Reitman,Charlize Theron,Mackenzie Davis,Mark Duplass,Comedy Drama,tully,Charlize Theron Mackenzie Davis Mark Duplass Jason Reitman Comedy Drama
97,Dean Devlin,David Tennant,Robert Sheehan,Carlito Olivero,Thriller Crime Horror,bad samaritan,David Tennant Robert Sheehan Carlito Olivero Dean Devlin Thriller Crime Horror
98,Bobby Miller,Johnny Galecki,Anna Friel,Oliver Platt,Drama Comedy Fantasy,the cleanse,Johnny Galecki Anna Friel Oliver Platt Bobby Miller Drama Comedy Fantasy
99,Xavier Beauvois,Nathalie Baye,unknown,unknown,Family Animation Fantasy Action Adventure,the guardians,Nathalie Baye unknown unknown Xavier Beauvois Family Animation Fantasy Action Adventure
100,Ben Falcone,Melissa McCarthy,Maya Rudolph,Molly Gordon,Comedy,life of the party,Melissa McCarthy Maya Rudolph Molly Gordon Ben Falcone Comedy
101,James McTeigue,Gabrielle Union,Billy Burke,Richard Cabral,Thriller Crime Action Horror,breaking in,Gabrielle Union Billy Burke Richard Cabral James McTeigue Thriller Crime Action Horror
102,Michael Mayer,Saoirse Ronan,Annette Bening,Corey Stoll,Drama Romance Comedy,the seagull,Saoirse Ronan Annette Bening Corey Stoll Michael Mayer Drama Romance Comedy
103,Vaughn Stein,Margot Robbie,Simon Pegg,Dexter Fletcher,Comedy Drama,terminal,Margot Robbie Simon Pegg Dexter Fletcher Vaughn Stein Comedy Drama
104,Coralie Fargeat,Matilda Lutz,Kevin Janssens,Vincent Colombe,Action Thriller Horror,revenge,Matilda Lutz Kevin Janssens Vincent Colombe Coralie Fargeat Action Thriller Horror
105,David Leitch,Ryan Reynolds,Josh Brolin,Zazie Beetz,Action Comedy Adventure,deadpool 2,Ryan Reynolds Josh Brolin Zazie Beetz David Leitch Action Comedy Adventure
106,Bill Holderman,Jane Fonda,Candice Bergen,Mary Steenburgen,Comedy Romance Drama,book club,Jane Fonda Candice Bergen Mary Steenburgen Bill Holderman Comedy Romance Drama
107,Paul Schrader,Ethan Hawke,Amanda Seyfried,Cedric Kyles,Drama,first reformed,Ethan Hawke Amanda Seyfried Cedric Kyles Paul Schrader Drama
108,Wim Wenders,Wim Wenders (director); Pope Francis,unknown,unknown,Documentary,pope francis: a man of his word,Wim Wenders (director); Pope Francis unknown unknown Wim Wenders Documentary
109,Raja Gosnell,Will Arnett,Natasha Lyonne,Ludacris,Adventure Crime Family Comedy,show dogs,Will Arnett Natasha Lyonne Ludacris Raja Gosnell Adventure Crime Family Comedy
110,Ron Howard,Alden Ehrenreich,Woody Harrelson,Emilia Clarke,Science Fiction Adventure Action,solo: a star wars story,Alden Ehrenreich Woody Harrelson Emilia Clarke Ron Howard Science Fiction Adventure Action
111,John Cameron Mitchell,Elle Fanning,Alex Sharp,Nicole Kidman,Comedy Music Romance Science Fiction,how to talk to girls at parties,Elle Fanning Alex Sharp Nicole Kidman John Cameron Mitchell Comedy Music Romance Science Fiction
112,Anthony Byrne,Natalie Dormer,Emily Ratajkowski,Ed Skrein,Drama,in darkness,Natalie Dormer Emily Ratajkowski Ed Skrein Anthony Byrne Drama
113,Bruce LaBruce,Susanne Sachße,Viva Ruiz,Kembra Pfahler,Drama,the misandrists,Susanne Sachße Viva Ruiz Kembra Pfahler Bruce LaBruce Drama
114,"James Franco, Bruce Thierry Cheung",James Franco,Suki Waterhouse,Jeffrey Wahlberg,Science Fiction,future world,"James Franco Suki Waterhouse Jeffrey Wahlberg James Franco, Bruce Thierry Cheung Science Fiction"
115,Tim Kirkby,Johnny Knoxville,Chris Pontius,unknown,Comedy Drama,action point,Johnny Knoxville Chris Pontius unknown Tim Kirkby Comedy Drama
116,Baltasar Kormákur,Shailene Woodley,Sam Claflin,unknown,Thriller Romance Adventure,adrift,Shailene Woodley Sam Claflin unknown Baltasar Kormákur Thriller Romance Adventure
117,Leigh Whannell,Logan Marshall-Green,Betty Gabriel,Harrison Gilbertson,Action Thriller Science Fiction,upgrade,Logan Marshall-Green Betty Gabriel Harrison Gilbertson Leigh Whannell Action Thriller Science Fiction
118,Bart Layton,Evan Peters,Barry Keoghan,Blake Jenner,Drama Crime Documentary,american animals,Evan Peters Barry Keoghan Blake Jenner Bart Layton Drama Crime Documentary
119,Theresa Bennett,Noël Wells,Josh Radnor,Aya Cash,Comedy Romance,social animals,Noël Wells Josh Radnor Aya Cash Theresa Bennett Comedy Romance
120,Gary Ross,Sandra Bullock,Cate Blanchett,Anne Hathaway,Crime Comedy Action,ocean's 8,Sandra Bullock Cate Blanchett Anne Hathaway Gary Ross Crime Comedy Action
121,Morgan Neville,Morgan Neville (director); Fred Rogers,unknown,unknown,Documentary,won't you be my neighbor?,Morgan Neville (director); Fred Rogers unknown unknown Morgan Neville Documentary
122,Ari Aster,Toni Collette,Alex Wolff,Milly Shapiro,Horror Mystery Thriller,hereditary,Toni Collette Alex Wolff Milly Shapiro Ari Aster Horror Mystery Thriller
123,Drew Pearce,Jodie Foster,Sterling K. Brown,Sofia Boutella,Thriller Science Fiction Action,hotel artemis,Jodie Foster Sterling K. Brown Sofia Boutella Drew Pearce Thriller Science Fiction Action
124,Director X,Trevor Jackson,Jason Mitchell,Michael K. Williams,Action Crime,superfly,Trevor Jackson Jason Mitchell Michael K. Williams Director X Action Crime
125,Brad Bird,Craig T. Nelson,Holly Hunter,Sarah Vowell,Action Adventure Animation Family,incredibles 2,Craig T. Nelson Holly Hunter Sarah Vowell Brad Bird Action Adventure Animation Family
126,Jeff Tomsic,Ed Helms,Jeremy Renner,Jon Hamm,Comedy Action,tag,Ed Helms Jeremy Renner Jon Hamm Jeff Tomsic Comedy Action
127,Dominic Cooke,Saoirse Ronan,Billy Howle,Emily Watson,Drama Romance,on chesil beach,Saoirse Ronan Billy Howle Emily Watson Dominic Cooke Drama Romance
128,Kevin Connolly,John Travolta,Kelly Preston,Stacy Keach,Crime Drama History Thriller,gotti,John Travolta Kelly Preston Stacy Keach Kevin Connolly Crime Drama History Thriller
129,J.A. Bayona,Chris Pratt,Bryce Dallas Howard,Rafe Spall,Action Adventure Science Fiction,jurassic world: fallen kingdom,Chris Pratt Bryce Dallas Howard Rafe Spall J.A. Bayona Action Adventure Science Fiction
130,Shana Feste,Vera Farmiga,Christopher Plummer,Lewis MacDougall,Comedy Drama,boundaries,Vera Farmiga Christopher Plummer Lewis MacDougall Shana Feste Comedy Drama
131,"David Zellner, Nathan Zellner (directors/screenplay); Robert Pattinson, Mia Wasikowska",Robert Pattinson,Mia Wasikowska,unknown,Comedy Western,damsel,"Robert Pattinson Mia Wasikowska unknown David Zellner, Nathan Zellner (directors/screenplay); Robert Pattinson, Mia Wasikowska Comedy Western"
132,Mike P. Nelson,Tyler Hoechlin,Kate Bosworth,Lance Reddick,Thriller Horror,the domestics,Tyler Hoechlin Kate Bosworth Lance Reddick Mike P. Nelson Thriller Horror
133,Stefano Sollima,Benicio del Toro,Josh Brolin,Isabela Moner,Action Crime Drama Thriller,sicario: day of the soldado,Benicio del Toro Josh Brolin Isabela Moner Stefano Sollima Action Crime Drama Thriller
134,Debra Granik,Ben Foster,Thomasin McKenzie,Jeff Kober,Drama,leave no trace,Ben Foster Thomasin McKenzie Jeff Kober Debra Granik Drama
135,Charles Stone III,Kyrie Irving,Lil Rel Howery,Shaquille O'Neal,Comedy,uncle drew,Kyrie Irving Lil Rel Howery Shaquille O'Neal Charles Stone III Comedy
136,Susanna White,Jessica Chastain,Michael Greyeyes,Chaske Spencer,Drama History Western,woman walks ahead,Jessica Chastain Michael Greyeyes Chaske Spencer Susanna White Drama History Western
137,Gerard McMurray,Y'lan Noel,Lex Scott Davis,Joivan Wade,Horror Action Thriller,the first purge,Y'lan Noel Lex Scott Davis Joivan Wade Gerard McMurray Horror Action Thriller
138,Peyton Reed,Paul Rudd,Evangeline Lilly,Michael Peña,Action Adventure Science Fiction,ant-man and the wasp,Paul Rudd Evangeline Lilly Michael Peña Peyton Reed Action Adventure Science Fiction
139,Boots Riley,Lakeith Stanfield,Tessa Thompson,Armie Hammer,Fantasy Science Fiction Comedy,sorry to bother you,Lakeith Stanfield Tessa Thompson Armie Hammer Boots Riley Fantasy Science Fiction Comedy
140,Kevin MacDonald,Whitney Houston,unknown,unknown,Music Documentary,whitney,Whitney Houston unknown unknown Kevin MacDonald Music Documentary
141,Genndy Tartakovsky,Adam Sandler,Andy Samberg,Selena Gomez,Family Fantasy Comedy Animation,hotel transylvania 3: summer vacation,Adam Sandler Andy Samberg Selena Gomez Genndy Tartakovsky Family Fantasy Comedy Animation
142,Rawson Marshall Thurber,Dwayne Johnson,Neve Campbell,Chin Han,Action Thriller,skyscraper,Dwayne Johnson Neve Campbell Chin Han Rawson Marshall Thurber Action Thriller
143,Bo Burnham,Elsie Fisher,Josh Hamilton,Emily Robinson,Comedy Drama,eighth grade,Elsie Fisher Josh Hamilton Emily Robinson Bo Burnham Comedy Drama
144,Gus Van Sant,Joaquin Phoenix,Rooney Mara,Jonah Hill,Comedy Drama,"don't worry, he won't get far on foot",Joaquin Phoenix Rooney Mara Jonah Hill Gus Van Sant Comedy Drama
145,Rob Reiner,Woody Harrelson,Tommy Lee Jones,James Marsden,Drama History Thriller,shock and awe,Woody Harrelson Tommy Lee Jones James Marsden Rob Reiner Drama History Thriller
146,Ol Parker,Lily James,Amanda Seyfried,Pierce Brosnan,Comedy Romance,mamma mia! here we go again,Lily James Amanda Seyfried Pierce Brosnan Ol Parker Comedy Romance
147,Antoine Fuqua,Denzel Washington,Ashton Sanders,Pedro Pascal,Action Thriller Crime,the equalizer 2,Denzel Washington Ashton Sanders Pedro Pascal Antoine Fuqua Action Thriller Crime
148,Carlos López Estrada,Janina Gavankar,Ethan Embry,Daveed Diggs,Comedy Drama,blindspotting,Janina Gavankar Ethan Embry Daveed Diggs Carlos López Estrada Comedy Drama
149,Stephen Susco,Colin Woodell,Rebecca Rittenhouse,Betty Gabriel,Horror Thriller Mystery,unfriended: dark web,Colin Woodell Rebecca Rittenhouse Betty Gabriel Stephen Susco Horror Thriller Mystery
150,Shinsuke Sato,Shinsuke Sato (director); Sota Fukushi,Hana Sugisaki,unknown,Action Fantasy Adventure,bleach,Shinsuke Sato (director); Sota Fukushi Hana Sugisaki unknown Shinsuke Sato Action Fantasy Adventure
151,Édouard Deluc,Vincent Cassel,Tuheï Adams,Malik Zidi,Drama Romance,gauguin – voyage de tahiti,Vincent Cassel Tuheï Adams Malik Zidi Édouard Deluc Drama Romance
152,Christopher McQuarrie,Tom Cruise,Henry Cavill,Ving Rhames,Action Adventure,mission: impossible – fallout,Tom Cruise Henry Cavill Ving Rhames Christopher McQuarrie Action Adventure
153,Peter Rida Michail,Scott Menville,Khary Payton,Tara Strong,Animation Action Comedy Science Fiction,teen titans go! to the movies,Scott Menville Khary Payton Tara Strong Peter Rida Michail Animation Action Comedy Science Fiction
154,Tsui Hark,Tsui Hark (director),Chang Chia-lu,Chen Kuo-Fu (screenplay),Mystery Fantasy Adventure Action,detective dee: the four heavenly kings,Tsui Hark (director) Chang Chia-lu Chen Kuo-Fu (screenplay) Tsui Hark Mystery Fantasy Adventure Action
155,Elijah Bynum,Timothée Chalamet,Maika Monroe,Alex Roe,Drama Comedy Crime,hot summer nights,Timothée Chalamet Maika Monroe Alex Roe Elijah Bynum Drama Comedy Crime
156,Marc Turtletaub,Kelly Macdonald,Irrfan Khan,David Denman,Drama,puzzle,Kelly Macdonald Irrfan Khan David Denman Marc Turtletaub Drama
157,Ben Young,Michael Peña,Lizzy Caplan,Mike Colter,Action Drama Science Fiction Thriller,extinction,Michael Peña Lizzy Caplan Mike Colter Ben Young Action Drama Science Fiction Thriller
158,Marc Forster,Ewan McGregor,Hayley Atwell,Jim Cummings,Adventure Comedy Family Fantasy,christopher robin,Ewan McGregor Hayley Atwell Jim Cummings Marc Forster Adventure Comedy Family Fantasy
159,Jennifer Yuh Nelson,Amandla Stenberg,Mandy Moore,Harris Dickinson,Science Fiction Action Drama Romance Adventure Thriller,the darkest minds,Amandla Stenberg Mandy Moore Harris Dickinson Jennifer Yuh Nelson Science Fiction Action Drama Romance Adventure Thriller
160,Susanna Fogel,Mila Kunis,Kate McKinnon,Justin Theroux,Action Comedy,the spy who dumped me,Mila Kunis Kate McKinnon Justin Theroux Susanna Fogel Action Comedy
161,Desiree Akhavan,Chloë Grace Moretz,Sasha Lane,John Gallagher,Drama,the miseducation of cameron post,Chloë Grace Moretz Sasha Lane John Gallagher Desiree Akhavan Drama
162,Augustine Frizzell,Maia Mitchell,Camila Morrone,Kyle Mooney,Comedy,never goin' back,Maia Mitchell Camila Morrone Kyle Mooney Augustine Frizzell Comedy
163,Ken Marino,Nina Dobrev,Finn Wolfhard,Vanessa Hudgens,Romance Comedy,dog days,Nina Dobrev Finn Wolfhard Vanessa Hudgens Ken Marino Romance Comedy
164,Jon Turteltaub,Jason Statham,Li Bingbing,Rainn Wilson,Action Science Fiction Horror,the meg,Jason Statham Li Bingbing Rainn Wilson Jon Turteltaub Action Science Fiction Horror
165,Spike Lee,John David Washington,Adam Driver,Laura Harrier,Comedy Crime Drama History,blackkklansman,John David Washington Adam Driver Laura Harrier Spike Lee Comedy Crime Drama History
166,Sylvain White,Joey King,Julia Goldani Telles,Jaz Sinclair,Horror Mystery Thriller,slender man,Joey King Julia Goldani Telles Jaz Sinclair Sylvain White Horror Mystery Thriller
167,Jean-Stéphane Sauvaire,Joe Cole,unknown,unknown,Drama Action Crime,a prayer before dawn,Joe Cole unknown unknown Jean-Stéphane Sauvaire Drama Action Crime
168,Jon M. Chu,Constance Wu,Henry Golding,Gemma Chan,Comedy Drama Romance,crazy rich asians,Constance Wu Henry Golding Gemma Chan Jon M. Chu Comedy Drama Romance
169,Albert Hughes,Kodi Smit-McPhee,Leonor Varela,Jens Hultén,Adventure Drama,alpha,Kodi Smit-McPhee Leonor Varela Jens Hultén Albert Hughes Adventure Drama
170,Peter Berg,Mark Wahlberg,John Malkovich,Lauren Cohan,Action Thriller,mile 22,Mark Wahlberg John Malkovich Lauren Cohan Peter Berg Action Thriller
171,Björn Runge,Glenn Close,Jonathan Pryce,Christian Slater,Drama,the wife,Glenn Close Jonathan Pryce Christian Slater Björn Runge Drama
172,James Cox,Ansel Elgort,Taron Egerton,Kevin Spacey,Drama Thriller,billionaire boys club,Ansel Elgort Taron Egerton Kevin Spacey James Cox Drama Thriller
173,Jesse Peretz,Ethan Hawke,Rose Byrne,unknown,Comedy Drama Romance,"juliet, naked",Ethan Hawke Rose Byrne unknown Jesse Peretz Comedy Drama Romance
174,Rodrigo Cortés,AnnaSophia Robb,Uma Thurman,Isabelle Fuhrman,Thriller Drama Fantasy Horror,down a dark hall,AnnaSophia Robb Uma Thurman Isabelle Fuhrman Rodrigo Cortés Thriller Drama Fantasy Horror
175,Susan Johnson,Lana Condor,Noah Centineo,Anna Cathcart,Comedy Romance,to all the boys i've loved before,Lana Condor Noah Centineo Anna Cathcart Susan Johnson Comedy Romance
176,Brian Henson,Melissa McCarthy,Maya Rudolph,Joel McHale,Action Comedy Crime,the happytime murders,Melissa McCarthy Maya Rudolph Joel McHale Brian Henson Action Comedy Crime
177,Aneesh Chaganty,John Cho,Debra Messing,unknown,Thriller Mystery Drama,searching,John Cho Debra Messing unknown Aneesh Chaganty Thriller Mystery Drama
178,Michael Noer,Charlie Hunnam,Rami Malek,unknown,Drama History Crime,papillon,Charlie Hunnam Rami Malek unknown Michael Noer Drama History Crime
179,Oliver Daly,Alex Neustaedter,Becky G,Alex MacNicoll,Science Fiction Action Adventure Family,a.x.l.,Alex Neustaedter Becky G Alex MacNicoll Oliver Daly Science Fiction Action Adventure Family
180,Chris Weitz,Oscar Isaac,Ben Kingsley,Lior Raz,Drama History Thriller,operation finale,Oscar Isaac Ben Kingsley Lior Raz Chris Weitz Drama History Thriller
181,"Jonathan Baker, Josh Baker",Myles Truitt,Jack Reynor,Zoë Kravitz,Thriller,kin,"Myles Truitt Jack Reynor Zoë Kravitz Jonathan Baker, Josh Baker Thriller"
182,Lenny Abrahamson,Domhnall Gleeson,Ruth Wilson,Will Poulter,Mystery Drama Horror History,the little stranger,Domhnall Gleeson Ruth Wilson Will Poulter Lenny Abrahamson Mystery Drama Horror History
183,Victor Levin,Winona Ryder,Keanu Reeves,unknown,Romance Comedy Drama,destination wedding,Winona Ryder Keanu Reeves unknown Victor Levin Romance Comedy Drama
184,Corin Hardy,Demián Bichir,Taissa Farmiga,Jonas Bloquet,Horror Mystery Thriller,the nun,Demián Bichir Taissa Farmiga Jonas Bloquet Corin Hardy Horror Mystery Thriller
185,Pierre Morel,Jennifer Garner,John Ortiz,Juan Pablo Raba,Action Thriller,peppermint,Jennifer Garner John Ortiz Juan Pablo Raba Pierre Morel Action Thriller
186,Shane Black,Boyd Holbrook,Trevante Rhodes,Jacob Tremblay,Science Fiction Action Adventure Comedy Horror,the predator,Boyd Holbrook Trevante Rhodes Jacob Tremblay Shane Black Science Fiction Action Adventure Comedy Horror
187,Yann Demange,Matthew McConaughey,Richie Merritt,Bel Powley,Crime Drama,white boy rick,Matthew McConaughey Richie Merritt Bel Powley Yann Demange Crime Drama
188,Paul Feig,Anna Kendrick,Blake Lively,Henry Golding,Crime Thriller Mystery Comedy,a simple favor,Anna Kendrick Blake Lively Henry Golding Paul Feig Crime Thriller Mystery Comedy
189,Richard Eyre,Emma Thompson,Stanley Tucci,Fionn Whitehead,Drama,the children act,Emma Thompson Stanley Tucci Fionn Whitehead Richard Eyre Drama
190,Craig William Macneill,Chloë Sevigny,Kristen Stewart,Jay Huguley,Crime Drama Thriller,lizzie,Chloë Sevigny Kristen Stewart Jay Huguley Craig William Macneill Crime Drama Thriller
191,Harold Cronk,Samuel Hunt,Merritt Patterson,Vanessa Bell Calloway,Drama,unbroken: path to redemption,Samuel Hunt Merritt Patterson Vanessa Bell Calloway Harold Cronk Drama
192,Stephen Cognetti,Vasile Flutur,Jillian Geurts,Joy Shatz,Horror,hell house llc ii: the abaddon hotel,Vasile Flutur Jillian Geurts Joy Shatz Stephen Cognetti Horror
193,Eli Roth,Jack Black,Cate Blanchett,Owen Vaccaro,Fantasy Family Comedy Horror,the house with a clock in its walls,Jack Black Cate Blanchett Owen Vaccaro Eli Roth Fantasy Family Comedy Horror
194,Dan Fogelman,Oscar Isaac,Olivia Wilde,Mandy Patinkin,Drama Romance,life itself,Oscar Isaac Olivia Wilde Mandy Patinkin Dan Fogelman Drama Romance
195,Jacques Audiard,John C. Reilly,Joaquin Phoenix,Jake Gyllenhaal,Western Drama Adventure,the sisters brothers,John C. Reilly Joaquin Phoenix Jake Gyllenhaal Jacques Audiard Western Drama Adventure
196,Sam Levinson,Odessa Young,Suki Waterhouse,Hari Nef,Thriller Horror Comedy,assassination nation,Odessa Young Suki Waterhouse Hari Nef Sam Levinson Thriller Horror Comedy
197,Wash Westmoreland,Keira Knightley,Dominic West,unknown,Drama History,colette,Keira Knightley Dominic West unknown Wash Westmoreland Drama History
198,Michael Moore,Michael Moore (director/screenplay),unknown,unknown,Documentary,fahrenheit 11/9,Michael Moore (director/screenplay) unknown unknown Michael Moore Documentary
199,Christian Carion,Guillaume Canet,Melanie Laurent,unknown,Thriller Mystery Drama Crime,my son,Guillaume Canet Melanie Laurent unknown Christian Carion Thriller Mystery Drama Crime
200,Lisa Dapolito,Lisa Dapolito (director); Gilda Radner,unknown,unknown,Documentary,"love, gilda",Lisa Dapolito (director); Gilda Radner unknown unknown Lisa Dapolito Documentary
201,Kenji Nagasaki,Justin Briner,Christopher R. Sabat,Clifford Chapin,Animation Action Adventure Fantasy,my hero academia: two heroes,Justin Briner Christopher R. Sabat Clifford Chapin Kenji Nagasaki Animation Action Adventure Fantasy
202,Karey Kirkpatrick,Channing Tatum,James Corden,Zendaya,Family Animation Adventure Fantasy,smallfoot,Channing Tatum James Corden Zendaya Karey Kirkpatrick Family Animation Adventure Fantasy
203,Malcolm D. Lee,Kevin Hart,Tiffany Haddish,Rob Riggle,Comedy,night school,Kevin Hart Tiffany Haddish Rob Riggle Malcolm D. Lee Comedy
204,David Lowery,Robert Redford,Casey Affleck,Danny Glover,Comedy Crime Drama,the old man & the gun,Robert Redford Casey Affleck Danny Glover David Lowery Comedy Crime Drama
205,Gregory Plotkin,Bex Taylor-Klaus,Amy Forsyth,Reign Edwards,Horror,hell fest,Bex Taylor-Klaus Amy Forsyth Reign Edwards Gregory Plotkin Horror
206,Dave Christiano,Nicholas X. Parsons,Patty Duke,Michael Gross,,power of the air,
207,Ruben Fleischer,Tom Hardy,Michelle Williams,Riz Ahmed,Science Fiction Action,venom,Tom Hardy Michelle Williams Riz Ahmed Ruben Fleischer Science Fiction Action
208,Bradley Cooper,Bradley Cooper,Lady Gaga,Sam Elliott,Drama Romance Music,a star is born,Bradley Cooper Lady Gaga Sam Elliott Bradley Cooper Drama Romance Music
209,George Tillman Jr.,Amandla Stenberg,Regina Hall,Russell Hornsby,Crime Drama,the hate u give,Amandla Stenberg Regina Hall Russell Hornsby George Tillman Jr. Crime Drama
210,Peter Bogdanovich,Peter Bogdanovich (director),unknown,unknown,Documentary,the great buster: a celebration,Peter Bogdanovich (director) unknown unknown Peter Bogdanovich Documentary
211,Rupert Everett,Rupert Everett,Colin Firth,Colin Morgan,Drama,the happy prince,Rupert Everett Colin Firth Colin Morgan Rupert Everett Drama
212,Damien Chazelle,Ryan Gosling,Claire Foy,Jason Clarke,History Drama,first man,Ryan Gosling Claire Foy Jason Clarke Damien Chazelle History Drama
213,Drew Goddard,Jeff Bridges,Cynthia Erivo,Dakota Johnson,Thriller Drama Mystery Crime,bad times at the el royale,Jeff Bridges Cynthia Erivo Dakota Johnson Drew Goddard Thriller Drama Mystery Crime
214,Ari Sandel,Wendi McLendon-Covey,Madison Iseman,Jeremy Ray Taylor,Adventure Comedy Fantasy Family Horror,goosebumps 2: haunted halloween,Wendi McLendon-Covey Madison Iseman Jeremy Ray Taylor Ari Sandel Adventure Comedy Fantasy Family Horror
215,Felix van Groeningen,Steve Carell,Timothée Chalamet,Maura Tierney,Drama,beautiful boy,Steve Carell Timothée Chalamet Maura Tierney Felix van Groeningen Drama
216,Ike Barinholtz,Ike Barinholtz,Tiffany Haddish,Nora Dunn,Comedy,the oath,Ike Barinholtz Tiffany Haddish Nora Dunn Ike Barinholtz Comedy
217,Nick Searcy,Nick Searcy (director); Earl Billings,Dean Cain,Sarah Jane Morris,Drama Crime,gosnell: the trial of america's biggest serial killer,Nick Searcy (director); Earl Billings Dean Cain Sarah Jane Morris Nick Searcy Drama Crime
218,"Hannah Marks, Joey Power (directors/screenplay), Jeremy Allen White, Maika Monroe, DeRon Horton, Sasha Lane, Dean Winters, Gina Gershon, Marisa Tomei",Hannah Marks,Joey Power (directors/screenplay),Jeremy Allen White,Comedy Drama Romance,after everything,"Hannah Marks Joey Power (directors/screenplay) Jeremy Allen White Hannah Marks, Joey Power (directors/screenplay), Jeremy Allen White, Maika Monroe, DeRon Horton, Sasha Lane, Dean Winters, Gina Gershon, Marisa Tomei Comedy Drama Romance"
219,David Gordon Green,Jamie Lee Curtis,Judy Greer,Andi Matichak,Horror Thriller,halloween,Jamie Lee Curtis Judy Greer Andi Matichak David Gordon Green Horror Thriller
220,Marielle Heller,Melissa McCarthy,Richard E. Grant,unknown,Drama Crime Comedy,can you ever forgive me?,Melissa McCarthy Richard E. Grant unknown Marielle Heller Drama Crime Comedy
221,Jonah Hill,Sunny Suljic,Lucas Hedges,Katherine Waterston,Drama Comedy,mid90s,Sunny Suljic Lucas Hedges Katherine Waterston Jonah Hill Drama Comedy
222,Paul Dano,Carey Mulligan,Jake Gyllenhaal,Ed Oxenbould,Drama,wildlife,Carey Mulligan Jake Gyllenhaal Ed Oxenbould Paul Dano Drama
223,Elizabeth Chomko,Hilary Swank,Michael Shannon,Robert Forster,Drama,what they had,Hilary Swank Michael Shannon Robert Forster Elizabeth Chomko Drama
224,Donovan Marsh,Gerard Butler,Gary Oldman,Common,Action Thriller,hunter killer,Gerard Butler Gary Oldman Common Donovan Marsh Action Thriller
225,David Kerr,Rowan Atkinson,Olga Kurylenko,Ben Miller,Action Adventure Comedy,johnny english strikes again,Rowan Atkinson Olga Kurylenko Ben Miller David Kerr Action Adventure Comedy
226,Luca Guadagnino,Dakota Johnson,Tilda Swinton,Mia Goth,Horror Thriller,suspiria,Dakota Johnson Tilda Swinton Mia Goth Luca Guadagnino Horror Thriller
227,David G. Evans,Sarah Drew,Justin Bruening,Jason George,Drama War,indivisible,Sarah Drew Justin Bruening Jason George David G. Evans Drama War
228,David McCracken,Mike C. Nelson,Jenni Melear,David McCracken,Action Drama Thriller,bullitt county,Mike C. Nelson Jenni Melear David McCracken David McCracken Action Drama Thriller
229,Bryan Singer,Rami Malek,Lucy Boynton,Gwilym Lee,Music Drama History,bohemian rhapsody,Rami Malek Lucy Boynton Gwilym Lee Bryan Singer Music Drama History
230,"Lasse Hallström, Joe Johnston",Keira Knightley,Mackenzie Foy,Eugenio Derbez,Fantasy Adventure Family,the nutcracker and the four realms,"Keira Knightley Mackenzie Foy Eugenio Derbez Lasse Hallström, Joe Johnston Fantasy Adventure Family"
231,Tyler Perry,Tiffany Haddish,Tika Sumpter,Omari Hardwick,Drama Comedy,nobody's fool,Tiffany Haddish Tika Sumpter Omari Hardwick Tyler Perry Drama Comedy
232,Joel Edgerton,Lucas Hedges,Nicole Kidman,Russell Crowe,Drama,boy erased,Lucas Hedges Nicole Kidman Russell Crowe Joel Edgerton Drama
233,Matthew Heineman,Rosamund Pike,Jamie Dornan,Stanley Tucci,War Drama,a private war,Rosamund Pike Jamie Dornan Stanley Tucci Matthew Heineman War Drama
234,Joseph Kahn,Calum Worthy,Jackie Long,Rory Uphold,Drama Comedy Music,bodied,Calum Worthy Jackie Long Rory Uphold Joseph Kahn Drama Comedy Music
235,Jason Reitman,Hugh Jackman,Vera Farmiga,J. K. Simmons,Drama History,the front runner,Hugh Jackman Vera Farmiga J. K. Simmons Jason Reitman Drama History
236,"Yarrow Cheney, Scott Mosier",Benedict Cumberbatch,Rashida Jones,Kenan Thompson,Animation Family Comedy Fantasy,the grinch,"Benedict Cumberbatch Rashida Jones Kenan Thompson Yarrow Cheney, Scott Mosier Animation Family Comedy Fantasy"
237,Fede Álvarez,Claire Foy,Sverrir Gudnason,Lakeith Stanfield,Action Crime Thriller Drama,the girl in the spider's web,Claire Foy Sverrir Gudnason Lakeith Stanfield Fede Álvarez Action Crime Thriller Drama
238,Julius Avery,Jovan Adepo,Wyatt Russell,Mathilde Ollivier,Horror War Science Fiction,overlord,Jovan Adepo Wyatt Russell Mathilde Ollivier Julius Avery Horror War Science Fiction
239,"Joel and Ethan Coen (directors/screenplay); Tim Blake Nelson, Zoe Kazan, Liam Neeson, Tom Waits",Tim Blake Nelson,Zoe Kazan,Liam Neeson,Comedy Drama Western,the ballad of buster scruggs,"Tim Blake Nelson Zoe Kazan Liam Neeson Joel and Ethan Coen (directors/screenplay); Tim Blake Nelson, Zoe Kazan, Liam Neeson, Tom Waits Comedy Drama Western"
240,Daniel Fabelo & Matt Hullum,Gavin Free,Michael Jones,Burnie Burns,Science Fiction Action Adventure Comedy,lazer team 2,Gavin Free Michael Jones Burnie Burns Daniel Fabelo & Matt Hullum Science Fiction Action Adventure Comedy
241,Josh Webber,Josh Webber (director); Shaun Cairo (Screenplay),Jo Marie Payton,Gary Leroi Gray,Drama Thriller,conundrum: secrets among friends,Josh Webber (director); Shaun Cairo (Screenplay) Jo Marie Payton Gary Leroi Gray Josh Webber Drama Thriller
242,David Yates,Eddie Redmayne,Katherine Waterston,Dan Fogler,Adventure Fantasy Drama,fantastic beasts: the crimes of grindelwald,Eddie Redmayne Katherine Waterston Dan Fogler David Yates Adventure Fantasy Drama
243,Steve McQueen,Viola Davis,Michelle Rodriguez,Elizabeth Debicki,Crime Thriller,widows,Viola Davis Michelle Rodriguez Elizabeth Debicki Steve McQueen Crime Thriller
244,Sean Anders,Mark Wahlberg,Rose Byrne,Isabela Moner,Comedy Drama,instant family,Mark Wahlberg Rose Byrne Isabela Moner Sean Anders Comedy Drama
245,"Rich Moore, Phil Johnston",John C. Reilly,Sarah Silverman,Gal Gadot,Family Animation Comedy Adventure,ralph breaks the internet,"John C. Reilly Sarah Silverman Gal Gadot Rich Moore, Phil Johnston Family Animation Comedy Adventure"
246,Steven Caple Jr.,Michael B. Jordan,Sylvester Stallone,Tessa Thompson,Drama,creed ii,Michael B. Jordan Sylvester Stallone Tessa Thompson Steven Caple Jr. Drama
247,Peter Farrelly,Viggo Mortensen,Mahershala Ali,Linda Cardellini,Drama Comedy,green book,Viggo Mortensen Mahershala Ali Linda Cardellini Peter Farrelly Drama Comedy
248,Otto Bathurst,Taron Egerton,Jamie Foxx,Ben Mendelsohn,Adventure Action History,robin hood,Taron Egerton Jamie Foxx Ben Mendelsohn Otto Bathurst Adventure Action History
249,Alfonso Cuarón,Yalitza Aparicio,Marina de Tavira,Fernando Grediaga,Drama,roma,Yalitza Aparicio Marina de Tavira Fernando Grediaga Alfonso Cuarón Drama
250,Yorgos Lanthimos,Olivia Colman,Emma Stone,Rachel Weisz,Drama Comedy,the favourite,Olivia Colman Emma Stone Rachel Weisz Yorgos Lanthimos Drama Comedy
251,Andy Serkis,Rohan Chand,Christian Bale,Cate Blanchett,Adventure Drama,mowgli: legend of the jungle,Rohan Chand Christian Bale Cate Blanchett Andy Serkis Adventure Drama
252,Diederik van Rooijen,Diederik van Rooijen (director); Brian Sieve (writer); Shay Mitchell,Grey Damon,Kirby Johnson,Horror Drama,the possession of hannah grace,Diederik van Rooijen (director); Brian Sieve (writer); Shay Mitchell Grey Damon Kirby Johnson Diederik van Rooijen Horror Drama
253,John McPhail,Ella Hunt,Malcolm Cumming,Marli Siu,Horror Comedy Fantasy,anna and the apocalypse,Ella Hunt Malcolm Cumming Marli Siu John McPhail Horror Comedy Fantasy
254,Nadine Labaki,Zain Al Rafeea,Yordanos Shiferaw,Boluwatife Treasure Bankole,Drama,capernaum,Zain Al Rafeea Yordanos Shiferaw Boluwatife Treasure Bankole Nadine Labaki Drama
255,Josie Rourke,Saoirse Ronan,Margot Robbie,Jack Lowden,Drama History,mary queen of scots,Saoirse Ronan Margot Robbie Jack Lowden Josie Rourke Drama History
256,Peter Hedges,Lucas Hedges,Julia Roberts,Kathryn Newton,Drama,ben is back,Lucas Hedges Julia Roberts Kathryn Newton Peter Hedges Drama
257,"Bob Persichetti, Peter Ramsey, Rodney Rothman",Shameik Moore,Jake Johnson,Hailee Steinfeld,Action Adventure Animation Science Fiction,spider-man: into the spider-verse,"Shameik Moore Jake Johnson Hailee Steinfeld Bob Persichetti, Peter Ramsey, Rodney Rothman Action Adventure Animation Science Fiction"
258,Christian Rivers,Hugo Weaving,Hera Hilmar,Robert Sheehan,Adventure Science Fiction,mortal engines,Hugo Weaving Hera Hilmar Robert Sheehan Christian Rivers Adventure Science Fiction
259,Clint Eastwood,Clint Eastwood,Bradley Cooper,Laurence Fishburne,Crime Drama Thriller,the mule,Clint Eastwood Bradley Cooper Laurence Fishburne Clint Eastwood Crime Drama Thriller
260,Barry Jenkins,Kiki Layne,Stephan James,Teyonah Parris,Romance Drama,if beale street could talk,Kiki Layne Stephan James Teyonah Parris Barry Jenkins Romance Drama
261,Rob Marshall,Emily Blunt,Lin-Manuel Miranda,Ben Whishaw,Fantasy Family Comedy,mary poppins returns,Emily Blunt Lin-Manuel Miranda Ben Whishaw Rob Marshall Fantasy Family Comedy
262,James Wan,Jason Momoa,Amber Heard,Willem Dafoe,Action Adventure Fantasy,aquaman,Jason Momoa Amber Heard Willem Dafoe James Wan Action Adventure Fantasy
263,Travis Knight,Hailee Steinfeld,John Cena,Jorge Lendeborg Jr.,Action Adventure Science Fiction,bumblebee,Hailee Steinfeld John Cena Jorge Lendeborg Jr. Travis Knight Action Adventure Science Fiction
264,Robert Zemeckis,Steve Carell,Leslie Mann,Diane Kruger,Drama Comedy Fantasy,welcome to marwen,Steve Carell Leslie Mann Diane Kruger Robert Zemeckis Drama Comedy Fantasy
265,Peter Segal,Jennifer Lopez,Leah Remini,Vanessa Hudgens,Romance Comedy,second act,Jennifer Lopez Leah Remini Vanessa Hudgens Peter Segal Romance Comedy
266,Paweł Pawlikowski,Joanna Kulig,Tomasz Kot,Agata Kulesza,Comedy Romance,cold war,Joanna Kulig Tomasz Kot Agata Kulesza Paweł Pawlikowski Comedy Romance
267,Etan Cohen,Will Ferrell,John C. Reilly,Rebecca Hall,Mystery Adventure Comedy Crime,holmes & watson,Will Ferrell John C. Reilly Rebecca Hall Etan Cohen Mystery Adventure Comedy Crime
268,Adam McKay,Christian Bale,Amy Adams,Steve Carell,Thriller Science Fiction Action Adventure,vice,Christian Bale Amy Adams Steve Carell Adam McKay Thriller Science Fiction Action Adventure
269,Mimi Leder,Felicity Jones,Armie Hammer,Justin Theroux,Drama History,on the basis of sex,Felicity Jones Armie Hammer Justin Theroux Mimi Leder Drama History
270,Karyn Kusama,Nicole Kidman,Sebastian Stan,Toby Kebbell,Thriller Crime Drama Action,destroyer,Nicole Kidman Sebastian Stan Toby Kebbell Karyn Kusama Thriller Crime Drama Action
271,David Slade,Fionn Whitehead,Will Poulter,Asim Chaudhry,Science Fiction Mystery Drama Thriller TV Movie,black mirror: bandersnatch,Fionn Whitehead Will Poulter Asim Chaudhry David Slade Science Fiction Mystery Drama Thriller TV Movie
